﻿Order,Artist,Song,Lead Guitar,Rythm Guitar,Bass,Drums,Lead Singer,Keyboards,Time
1,Miguel Mateos,Cuando Seas Grande,LUISGAL,JOHCES,NICMON,JUAROD,NXTPAT,,0:04:27
2,Los Prisioneros,Por Qué No Se Van Del País,JUAARM,,LUISGAL,GABPRI,IVABRO,,0:03:03
3,Soda Stereo,Entre Caníbales,JULESC,JUAARM,SAIFAY,HECVIL,KANGIR,,0:04:07
4,Soda Stereo,Nada personal,ARTPAT,DAVOSP,NICMON,GABPRI,IVABRO,,0:04:54
5,Caifanes,Afuera,LUICES,JUAARM,AXEOCH,ANTPER,FRAOCH,SARROC,0:04:50
6,Héroes del Silencio,Entre Dos Tierras,HUGCAR,LUISGAL,JUAARM,JUAROD,CAMRAM,,0:06:09
7,Los Toreros Muertos,Mi Agüita Amarilla,JULESC,JUAARM,LUISGAL,ANDGIR,IVABRO,,0:05:32
8,Los Rodríguez,Sin Documentos,DAVACU,JUAARM,LUISGAL,ANDGIR,CAMRAM,,0:04:07
9,Los Abuelos de la Nada,Mil Horas,JULESC,DAVACU,CHACRE,GABPRI,NXTPAT,,0:02:47
10,Héroes del Silencio,La Chispa Adecuada,HUGCAR,VICZAM,SAIFAY,ANTPER,CARZAM,,0:04:32
11,Enanitos Verdes,La Muralla Verde,LUICES,JUAARM,NICMON,GABPRI,IVABRO,,0:02:43
12,Caifanes,No dejes que,JULESC,JUAARM,AXEOCH,ANTPER,FRAOCH,,0:04:40
13,Andrés Calamaro,Flaca,LUICES,JUAARM,NICMON,GABPRI,CAMRAM,,0:04:32
14,Hombres G,Devuélveme a Mi Chica,DAVACU,JUAARM,NICMON,ANTPER,KANGIR,,0:03:14
15,Aterciopelados,Candela,LUISGAL,DAVACU,LUICES,ANDGIR,KANGIR,,0:02:37
16,Aterciopelados,Florecita Rockera,DAVACU,LUISGAL,CHACRE,ANDGIR,KANGIR,,0:02:51
17,Kraken,Frágil al Viento,VICZAM,HUGCAR,RICBAL,ANTPER,CARZAM,,0:04:45
18,Angeles del Infierno,Al Otro Lado Del Silencio,HUGCAR,RICBAL,CHACRE,ANDGIR,TATLOZ,,0:04:28
19,Rata Blanca,Mujer Amante,DAVOSP,VICZAM,RICBAL,HECVIL,SAYCAM,,0:05:54
20,Stravaganzza,Hijo de la luna,LUICES,JOHCES,RICBAL,ANTPER,SAYCAM TATLOZ,SARROC,0:04:52
21,Angeles del Infierno,Seis Seis Seis,LUISGAL,LUIPAT,SAIFAY,JUAROD,NXTPAT,,0:03:41
22,Barón Rojo,Resistiré,ARTPAT,JOHCES,CHACRE,ANTPER,NXTPAT,,0:05:02
23,Magö de Oz,Fiesta Pagana,VICZAM,LUISGAL,SAIFAY,JUAROD,HECCAB,SARROC,0:04:55
24,Rata Blanca,Talismán,VICZAM,LUISGAL,LUICES,ANTPER,CARZAM,,0:05:11
25,Riff,El forastero,BYRPER,LUIPAT,SAIFAY,HECVIL,HECCAB,,0:02:44
26,Rata Blanca,El sueño de la gitana,VICZAM,JOHCES,LUICES,ANTPER,TATLOZ,,0:07:12
27,Avalanch,Torquemada,LUISGAL,LUICES,RICBAL,ANTPER,HECCAB,SARROC,0:06:26
28,Magö de Oz,Astaroth,VICZAM,DAVOSP,RICBAL,JUAROD,TATLOZ,,0:06:29
29,Angeles del Infierno,Sombras en la Oscuridad,LUISGAL,BYRPER,SAIFAY,HECVIL,NXTPAT,,0:05:12
30,Kraken,Muere Libre,HUGCAR,SAIFAY,CHACRE,JUAROD,HECCAB,,0:03:58
31,Horcas,Esperanza,BRUWAR,AXEOCH,EMMARB,MATGUT,SERROT,,0:04:30
32,Tras las Puas,Soy latino,BRUWAR,AXEOCH,EMMARB,SHABER,AXEOCH,,0:03:44
33,Angeles del Infierno,Maldito Sea Tu Nombre,HUGCAR,RICBAL,CHACRE,JUAROD,SAYCAM,,0:03:45
34,Kraken,Todo Hombre Es Una Historia,HUGCAR,LUIPAT,CHACRE,HECVIL,HECCAB,,0:04:43
35,DARKNESS,Neurótica,BRUWAR,AXEOCH,EMMARB,MATGUT,SERROT,,0:04:32
36,Kraken,No me hables de amor,HUGCAR,LUISGAL,CHACRE,ANTPER,CAMRAM,,0:04:27
37,Tras las Puas,Muerde el pavimento,BRUWAR,AXEOCH,EMMARB,SHABER,AXEOCH,,0:03:30
38,Tears of Misery,Dioses de barro,BRUWAR,AXEOCH,EMMARB,SHABER,AXEOCH,,0:04:12
39,Masacre,Éxodo,BRUWAR,AXEOCH,EMMARB,ANTPER,AXEOCH,,0:04:09
